,Date,id,Time,Age,Sex,Consulting.Doctor,Specialty,Procedure,Total.Charges,Amount.Received.,Amount.Balance,Amount.Received.By,Amount.in.Hospital,Receptionist.Name,Next.Apt,Time_brackets
0,"Sunday, January 01, 2017",101,11:00,40.0,F,Dr Kinza Alam,Gynae,C Section,30000.0,30000.0,, Mrs Shamsa ,,Hamza,,Morning
1,"Monday, January 02, 2017",150,10:45AM,26.0,M,Nursing Staff,,Dressing,1500.0,1500.0,, Dr Saniya ,,Haris,,Morning
2,"Monday, January 02, 2017",58,12:38PM,30.0,F,Dr Riffat Naheed,Psychotherapist,Consultation,1000.0,1000.0,, Mrs Shamsa ,300.0,Fiza,,Afternoon
3,"Monday, January 02, 2017",75,1:00PM,40.0,M,Dr Riffat Naheed,Psychotherapist,Consultation,1500.0,1500.0,, Mrs Shamsa ,450.0,Zaheer,,Afternoon
4,"Monday, January 02, 2017",97,2:45PM,27.0,M,Dr Riffat Naheed,Psychotherapist,Consultation,2000.0,2000.0,, Mrs Shamsa ,600.0,Haris,,Evening
5,"Monday, January 02, 2017",101,3:00PM,40.0,F,Dr Kinza Alam,Gynae,C Section,35000.0,35000.0,, Dr Saniya ,,Haris,,Evening
6,"Monday, January 02, 2017",26,3:28PM,43.0,M,Dr Saniya,M/o,Consultation,2000.0,2000.0,, Dr Saniya ,,Fiza,,Evening
7,"Monday, January 02, 2017",149,3:45PM,28.0,F,Dr Fakiha,Dentist,Consultation,500.0,500.0,, Mrs Shamsa ,500.0,Haris,,Evening
8,"Monday, January 02, 2017",20,3:45PM,2.0,F,Dr Fakiha,Dentist,Consultation,,,,,,,,Evening
9,"Monday, January 02, 2017",72,5:00PM,40.0,M,Dr Fakiha,Dentist,Consultation,500.0,500.0,, Mrs Shamsa ,500.0,Fiza,,Evening
10,"Monday, January 02, 2017",54,5:00PM,32.0,F,Dr Saniya,M/o,Consultation,2000.0,2000.0,, Dr Saniya ,,Fiza,,Evening
11,"Monday, January 02, 2017",149,5:30PM,28.0,F,Dr Fakiha,Dentist,Filling,2000.0,2000.0,, Mrs Shamsa ,2000.0,Fiza,In case of pain,Evening
12,"Tuesday, January 03, 2017",120,1:00PM,76.0,F,Dr Saniya,M/o,Laboratory Test,,,,,,Haris,,Afternoon
13,"Tuesday, January 03, 2017",120,3:25PM,75.0,F,Dr Saniya,M/o,,,,,,,,,Evening
14,"Tuesday, January 03, 2017",20,6:10PM,36.0,F,Dr Kinza Alam,Gynae,Consultation,1500.0,1500.0,, Mrs Shamsa ,450.0,Haris,,Evening
15,"Wednesday, January 04, 2017",40,11:45PM,42.0,F,Dr Alaf Khan,Dentist,Consultation+Denture,1500.0,1500.0,, Brig Farrukh ,,Fiza,,Night
16,"Wednesday, January 04, 2017",134,12:40PM,23.0,F,Dr Alaf Khan,Dentist,Consultation,500.0,500.0,, Brig Farrukh ,500.0,Fiza,,Afternoon
17,"Wednesday, January 04, 2017",86,8:10PM,48.0,F,Dr Kinza Alam,Gynae,Consultation,1500.0,1500.0,, Brig Farrukh ,450.0,Haris,,Night
18,"Wednesday, January 04, 2017",114,8:30PM,25.0,F,Dr Kinza Alam,Gynae,Consultation,1000.0,1000.0,, Brig Farrukh ,300.0,Haris,,Night
19,"Thursday, January 05, 2017",155,12:40PM,50.0,F,Dr Alaf Khan,Dentist,Extraction,2000.0,2000.0,, Brig Farrukh ,2000.0,Fiza,,Afternoon
20,"Thursday, January 05, 2017",45,2:00PM,60.0,F,Dr Alaf Khan,Dentist,R.P.D + Crown,4000.0,4000.0,, Brig Farrukh ,4000.0,Haris,,Evening
21,"Thursday, January 05, 2017",4,2:00PM,,M,Dr Irfan,General Surgeon,Consultation + Dressing,5000.0,5000.0,, Brig Farrukh ,4000.0,Haris,,Evening
22,"Friday, January 06, 2017",38,12:30PM,,M,Dr Riffat Naheed,Psychotherapist,Consultation,1000.0,1000.0,, Mrs Shamsa ,300.0,Haris,,Afternoon
23,"Friday, January 06, 2017",130,1:00PM,26.0,M,Dr Riffat Naheed,Psychotherapist,Consultation,1000.0,1000.0,, Mrs Shamsa ,300.0,Haris,,Afternoon
24,"Friday, January 06, 2017",97,1:30PM,27.0,M,Dr Riffat Naheed,Psychotherapist,Consultation,1000.0,1000.0,, Mrs Shamsa ,300.0,Haris,,Afternoon
25,"Friday, January 06, 2017",50,-,,M,Dr Alaf Khan,Dentist,Consultation,500.0,500.0,, Mrs Shamsa ,500.0,Haris,,
26,"Friday, January 06, 2017",78,8:15PM,57.0,F,Dr Ali,Orthopedic,Consultation,6000.0,6000.0,, Mrs Shamsa ,3000.0,Haris,,Night
27,"Saturday, January 07, 2017",1,,,,Nursing Staff,,Pharmacy,,,,,,,,
28,"Monday, January 09, 2017",48,12:36PM,39.0,F,Dr Alaf Khan,Dentist,Consultation,500.0,500.0,, Mrs Shamsa ,500.0,Fiza,,Afternoon
29,"Monday, January 09, 2017",79,1:30PM,6.0,F,Dr Alaf Khan,Dentist,Consultation,500.0,500.0,, Mrs Shamsa ,500.0,Fiza,,Afternoon
30,"Monday, January 09, 2017",116,2:30PM,26.0,M,Dr Alaf Khan,Dentist,X Ray,300.0,300.0,, Mrs Shamsa ,300.0,Haris,,Evening
31,"Monday, January 09, 2017",45,3:15PM,60.0,F,Dr Alaf Khan,Dentist,R.P.D + Crown,7000.0,7000.0,, Mrs Shamsa ,7000.0,Fiza,,Evening
32,"Monday, January 09, 2017",67,5:20PM,26.0,M,Dr Alaf Khan,Dentist,Consultation+X Ray,800.0,800.0,, Mrs Shamsa ,800.0,Fiza,,Evening
33,"Monday, January 09, 2017",36,5:30PM,5.0,F,Dr Alaf Khan,Dentist,Consultation,250.0,250.0,, Mrs Shamsa ,250.0,Fiza,,Evening
34,"Tuesday, January 10, 2017",17,3:50PM,40.0,M,Dr Alaf Khan,Dentist,RCT (4 teeth) Bridge (9 teeth),10000.0,10000.0,, Mrs Shamsa ,,Fiza,1/16/2017,Evening
35,"Tuesday, January 10, 2017",84,6:00PM,9.0,F,Dr Irfan,General Surgeon,Consultation +   X Ray,3000.0,3000.0,, Mrs Shamsa ,3000.0,Mona,,Evening
36,"Tuesday, January 10, 2017",1,,,,Nursing Staff,,Pharmacy,,,,,,,,
37,"Wednesday, January 11, 2017",57,,30.0,F,Dr Alaf Khan,Dentist,Laboratory Test,,,, Mrs Shamsa ,,,,
38,"Wednesday, January 11, 2017",119,3:00PM,40.0,F,Dr Ammara,Gynae,Consultation + USG,1500.0,1500.0,, Mrs Shamsa ,500.0,Fiza,,Evening
39,"Wednesday, January 11, 2017",145,4:30PM,29.0,M,Dr Alaf Khan,Dentist,Crown,3000.0,3000.0,, Mrs Shamsa ,,Fiza,,Evening
40,"Wednesday, January 11, 2017",92,4:30PM,39.0,F,Dr Alaf Khan,Dentist,Consultation,500.0,500.0,, Mrs Shamsa ,500.0,Fiza,,Evening
41,"Thursday, January 12, 2017",63,10:45AM,50.0,M,Dr Alaf Khan,Dentist,Consultation,500.0,500.0,, Mrs Shamsa ,500.0,Fiza,,Morning
42,"Thursday, January 12, 2017",63,02:00PM,50.0,M,Dr Alaf Khan,Dentist,Scalling,3000.0,3000.0,, Mrs Shamsa ,3000.0,Fiza,,Evening
43,"Thursday, January 12, 2017",63,02:00PM,50.0,M,Brig Asif,Medical Specialist,Consultation,500.0,500.0,, Mrs Shamsa ,150.0,Fiza,,Evening
44,"Friday, January 13, 2017",45,11:20AM,60.0,F,Dr Alaf Khan,Dentist,Polishing,500.0,500.0,, Mrs Shamsa ,500.0,Haris,,Morning
45,"Friday, January 13, 2017",145,3:00PM,29.0,M,Dr Fakiha,Dentist,Crown,1500.0,1500.0,, Mrs Shamsa ,1500.0,Fiza,,Evening
46,"Friday, January 13, 2017",70,8:00PM,48.0,M,Brig Farrukh,Anaesthetist,Consultation,3750.0,3750.0,, Dr Ammad ,3750.0,Mona,,Night
47,"Saturday, January 14, 2017",88,4:30PM,45.0,F,Dr Fakiha,Dentist,Filling + X Rays,2600.0,2600.0,, Dr Ammad ,2600.0,Haris,,Evening
48,"Saturday, January 14, 2017",40,6:30PM,42.0,F,Dr Fakiha,Dentist,Denture+Scalling+Filling,5500.0,5500.0,, Dr Ammad ,5500.0,Haris,,Evening
49,"Sunday, January 15, 2017",42,9:00PM,29.0,F,Nursing Staff,,Pharmacy,900.0,900.0,, Dilshad ,900.0,Zaheer,,Night
50,"Monday, January 16, 2017",7,,26.0,M,Nursing Staff,,Laboratory Test,,,,,,,,
51,"Monday, January 16, 2017",106,1:30PM,34.0,M,Dr Alaf Khan,Dentist,Crown,5000.0,5000.0,, Dr Ammad ,5000.0,Fiza,,Afternoon
52,"Monday, January 16, 2017",22,6:00PM,50.0,F,Dr Zubair,M/o,Consultation,1000.0,1000.0,, Dr Ammad ,400.0,Haris,,Evening
53,"Monday, January 16, 2017",88,6:20PM,45.0,F,Dr Fakiha,Dentist,Extraction,2500.0,2500.0,, Dr Ammad ,2500.0,Haris,1/23/2017,Evening
54,"Tuesday, January 17, 2017",52,11:25AM,30.0,M,Dr Alaf Khan,Dentist,RCT,3000.0,3000.0,, Mrs Shamsa ,3000.0,Fiza,1/20/2017,Morning
55,"Tuesday, January 17, 2017",17,11:15AM,40.0,M,Dr Alaf Khan,Dentist,RCT (4 teeth) Bridge (9 teeth),38000.0,38000.0,, Mrs Shamsa ,38000.0,Fiza,,Morning
56,"Tuesday, January 17, 2017",17,1:10PM,40.0,M,Brig Asif,Medical Specialist,Consultation,1000.0,1000.0,, Mrs Shamsa ,300.0,Haris,,Afternoon
57,"Tuesday, January 17, 2017",136,3:30PM,29.0,M,Dr Fakiha,Dentist,Scalling,4000.0,4000.0,, Mrs Shamsa ,4000.0,Fiza,,Evening
58,"Tuesday, January 17, 2017",27,6:15PM,27.0,M,Dr Fakiha,Dentist,Filling,2000.0,2000.0,, Mrs Shamsa ,2000.0,Sohaib,1/19/2017,Evening
59,"Wednesday, January 18, 2017",71,9:40PM,23.0,M,Dr Alaf Khan,Dentist,X Ray,300.0,300.0,,,300.0,Haris,,Night
60,"Wednesday, January 18, 2017",12,12:00PM,60.0,F,Dr Alaf Khan,Dentist,22 Unit Bridge,25500.0,25500.0,,,25500.0,Haris,,Afternoon
61,"Wednesday, January 18, 2017",127,2:00PM,52.0,F,Dr Alaf Khan,Dentist,Extraction,1000.0,1000.0,,,1000.0,Haris,,Evening
62,"Wednesday, January 18, 2017",82,5:00PM,21.0,M,Dr Zubair,M/o,Consultation,500.0,500.0,,,500.0,Haris,,Evening
63,"Thursday, January 19, 2017",103,,32.0,M,Nursing Staff,,Laboratory Test,,,,,,,,
64,"Thursday, January 19, 2017",31,11:00AM,58.0,f,Dr Alaf Khan,Dentist,Consultation,500.0,500.0,, Mrs Shamsa ,500.0,Haris,,Morning
65,"Thursday, January 19, 2017",1,,,,Nursing Staff,,Pharmacy,,,,,,,,
66,"Thursday, January 19, 2017",1,,,,Nursing Staff,,Pharmacy,,,,,,,,
67,"Friday, January 20, 2017",1,,,,Nursing Staff,,Pharmacy,,,,,,,,
68,"Saturday, January 21, 2017",131,10:15AM,26.0,F,Dr Alaf Khan,Dentist,X Ray,300.0,300.0,, Mrs Shamsa ,300.0,Haris,,Morning
69,"Saturday, January 21, 2017",101,1:20PM,40.0,F,Dr Kinza Alam,Gynae,Consultation,1200.0,1200.0,, Mrs Shamsa ,360.0,Haris,,Afternoon
70,"Saturday, January 21, 2017",145,1:30PM,29.0,M,Dr Fakiha,Dentist,Crown,500.0,500.0,, Mrs Shamsa ,500.0,Haris,,Afternoon
71,"Monday, January 23, 2017",144,12:15PM,33.0,M,Dr Riffat Naheed,Psychotherapist,Consultation,1000.0,1000.0,, Mrs Shamsa ,300.0,Haris,,Afternoon
72,"Monday, January 23, 2017",37,1:00PM,30.0,F,Dr Riffat Naheed,Psychotherapist,Consultation,1000.0,1000.0,, Mrs Shamsa ,300.0,Haris,,Afternoon
73,"Monday, January 23, 2017",135,1:15PM,28.0,F,Dr Riffat Naheed,Psychotherapist,Consultation,2000.0,2000.0,, Mrs Shamsa ,600.0,Haris,,Afternoon
74,"Monday, January 23, 2017",59,4:50PM,10.0,M,Dr Ali,Child Specialist,Consultation+ER Retain,2800.0,2800.0,, Mrs Shamsa ,1600.0,Haris,,Evening
75,"Tuesday, January 24, 2017",130,1:00PM,26.0,M,Dr Riffat Naheed,Psychotherapist,Consultation,800.0,800.0,, Mrs Shamsa ,240.0,Haris,,Afternoon
76,"Tuesday, January 24, 2017",104,1:15PM,19.0,M,Dr Riffat Naheed,Psychotherapist,Consultation,2000.0,2000.0,, Mrs Shamsa ,600.0,Haris,,Afternoon
77,"Tuesday, January 24, 2017",98,2:10PM,53.0,F,Dr Saad,Orthopedic,Consultation,1000.0,1000.0,, Mrs Shamsa ,600.0,Haris,,Evening
78,"Tuesday, January 24, 2017",102,1:30PM,30.0,M,Dr Riffat Naheed,Psychotherapist,Consultation,1000.0,1000.0,, Mrs Shamsa ,300.0,Haris,,Afternoon
79,"Wednesday, January 25, 2017",59,,10.0,M,Nursing Staff,,Laboratory Test,,,,,,,,
80,"Wednesday, January 25, 2017",1,,,,Nursing Staff,,Pharmacy,,,,,,,,
81,"Thursday, January 26, 2017",73,12:50PM,55.0,M,Dr Alaf Khan,Dentist,Consultation+X Ray,700.0,700.0,,,700.0,Haris,,Afternoon
82,"Thursday, January 26, 2017",116,3:30PM,26.0,M,Dr Alaf Khan,Dentist,X Ray,300.0,300.0,,,300.0,Haris,,Evening
83,"Thursday, January 26, 2017",125,5:40PM,30.0,F,Dr Alaf Khan,Dentist,Consultation,500.0,500.0,,,500.0,Haris,,Evening
84,"Thursday, January 26, 2017",1,,,,Nursing Staff,,Pharmacy,,,,,,,,
85,"Thursday, January 26, 2017",1,,,,Nursing Staff,,Pharmacy,,,,,,,,
86,"Thursday, January 26, 2017",1,,,,Nursing Staff,,Pharmacy,,,,,,,,
87,"Saturday, January 28, 2017",129,,,M,Dr Ali,Child Specialist,Consultation,1150.0,1150.0,, Mrs Shamsa ,,Sohaib,,
88,"Saturday, January 28, 2017",85,6:45PM,,F,Dr Irfan,General Surgeon,,3000.0,3000.0,, Mrs Shamsa ,,Sohaib,,Evening
89,"Saturday, January 28, 2017",147,9:45PM,9.0,M,Nursing Staff,,Consultation,1000.0,1000.0,, Mrs Shamsa ,,Sub KB,,Night
90,"Sunday, January 29, 2017",1,,,,Nursing Staff,,Pharmacy,,,,,,,,
91,"Monday, January 30, 2017",140,1:00PM,28.0,F,Dr Alaf Khan,Dentist,Consultation,500.0,500.0,, Dr Ammad ,500.0,Haris,,Afternoon
92,"Monday, January 30, 2017",39,1:30PM,47.0,M,Dr Alaf Khan,Dentist,X Ray,300.0,300.0,, Dr Ammad ,300.0,Haris,,Afternoon
93,"Monday, January 30, 2017",124,5:40PM,49.0,F,Brig Asif,Medical Specialist,Consultation+ECG,1300.0,1300.0,, Dr Ammad ,600.0,Sohaib,,Evening
94,"Monday, January 30, 2017",8,5:35PM,19.0,M,Dr Qurat ul Ain,Dentist,Consultation+X Ray,800.0,800.0,, Dr Ammad ,800.0,Sohaib,,Evening
95,"Monday, January 30, 2017",51,6:00PM,31.0,M,Dr Qurat ul Ain,Dentist,Consultation,500.0,500.0,, Dr Ammad ,500.0,Sohaib,,Evening
96,"Tuesday, January 31, 2017",152,5:30PM,7.0,F,Dr Fakiha,Dentist,Filling,1000.0,1000.0,, Mrs Shamsa ,1000.0,Haris,,Evening
97,"Tuesday, January 31, 2017",21,6:30PM,26.0,M,Dr Zubair,M/o,Consultation,200.0,200.0,, Mrs Shamsa ,200.0,Mona,,Evening
98,"Tuesday, January 31, 2017",115,6:50PM,8.0,F,Dr Qurat ul Ain,Dentist,Extraction,1500.0,1500.0,, Mrs Shamsa ,1500.0,Haris,,Evening
99,"Wednesday, February 01, 2017",109,2:10PM,28.0,F,Dr Alaf Khan,Dentist,R.C.T,2000.0,2000.0,, Dr Ammad ,2000.0,Haris,2/6/2017,Evening
100,"Wednesday, February 01, 2017",153,2:10PM,17.0,F,Dr Alaf Khan,Dentist,Orthodontics,10000.0,10000.0,, Dr Ammad ,10000.0,Haris,2/6/2017,Evening
101,"Wednesday, February 01, 2017",62,1:00PM,54.0,M,Dr Alaf Khan,Dentist,Scalling,2000.0,2000.0,, Dr Ammad ,2000.0,Haris,,Afternoon
102,"Wednesday, February 01, 2017",111,1:40PM,35.0,F,Col Ulfat Ellahi,ENT,Consultation,1000.0,1000.0,, Dr Ammad ,300.0,Haris,,Afternoon
103,"Wednesday, February 01, 2017",142,6:00PM,45.0,M,Dr Qurat ul Ain,Dentist,Extraction,2000.0,2000.0,, Dr Ammad ,2000.0,Haris,,Evening
104,"Thursday, February 02, 2017",117,12:00PM,30.0,F,Dr Shireen,M/o,Consultation,500.0,500.0,, Dr Ammad ,500.0,Haris,,Afternoon
105,"Thursday, February 02, 2017",140,1:00PM,30.0,F,Dr Alaf Khan,Dentist,Extraction,1000.0,1000.0,, Dr Ammad ,1000.0,Haris,,Afternoon
106,"Thursday, February 02, 2017",100,1:25PM,23.0,F,Dr Alaf Khan,Dentist,Consultation,500.0,500.0,, Dr Ammad ,500.0,Haris,,Afternoon
107,"Friday, February 03, 2017",133,4:45PM,27.0,F,Dr Alaf Khan,Dentist,X Ray,500.0,500.0,, Dr Ammad ,500.0,Haris,,Evening
108,"Friday, February 03, 2017",44,8:00PM,6.0,M,Dr Ali,Child Specialist,Consultation,1000.0,1000.0,, Dr Ammad ,300.0,Haris,,Night
109,"Saturday, February 04, 2017",35,4:00PM,2.0,F,Dr Qurat ul Ain,Dentist,Consultation,500.0,500.0,, Dr Ammad ,500.0,Haris,,Evening
110,"Saturday, February 04, 2017",150,4:00PM,30.0,M,Dr Qurat ul Ain,Dentist,Consultation,500.0,500.0,, Dr Ammad ,500.0,Haris,,Evening
111,"Monday, February 06, 2017",118,7:30PM,32.0,F,Dr Kinza Alam,Gynae,Consultation+USG,1500.0,1500.0,, Dr Ammad ,800.0,Haris,,Night
112,"Monday, February 06, 2017",114,7:45PM,25.0,F,Dr Kinza Alam,Gynae,Consultation,1000.0,1000.0,, Dr Ammad ,300.0,Haris,,Night
113,"Monday, February 06, 2017",49,1:30PM,80.0,M,Dr Ali,Child Specialist,Consultation+Retain,3500.0,3500.0,, Dr Ammad ,2000.0,Haris,,Afternoon
114,"Monday, February 06, 2017",126,1:30PM,70.0,F,Dr Alaf Khan,Dentist,Scalling,3000.0,3000.0,, Dr Ammad ,3000.0,Haris,,Afternoon
115,"Monday, February 06, 2017",141,4:00PM,20.0,M,Dr Riffat Naheed,Psychotherapist,Consultation,2000.0,2000.0,, Dr Ammad ,600.0,Haris,,Evening
116,"Monday, February 06, 2017",17,6:15PM,23.0,M,Dr Ammad,M/o,Consultation,200.0,200.0,, Dr Ammad ,200.0,Haris,,Evening
117,"Tuesday, February 07, 2017",12,12:00PM,60.0,F,Dr Alaf Khan,Dentist,22 Unit Bridge,44000.0,30000.0,14000.0, Dr Ammad ,30000.0,Haris,2/14/2017,Afternoon
118,"Tuesday, February 07, 2017",60,1:10PM,50.0,M,Dr Alaf Khan,Dentist,Consultation,500.0,500.0,, Dr Ammad ,500.0,Haris,,Afternoon
119,"Tuesday, February 07, 2017",140,2:15PM,30.0,F,Dr Alaf Khan,Dentist,4 Unit Bridge,3000.0,3000.0,, Dr Ammad ,3000.0,Haris,,Evening
120,"Tuesday, February 07, 2017",41,6:00PM,13.0,M,Dr Qurat ul Ain,Dentist,X Ray,500.0,500.0,, Dr Ammad ,500.0,Haris,,Evening
121,"Tuesday, February 07, 2017",87,8:00PM,30.0,F,Dr Qurat ul Ain,Dentist,Consultation,500.0,500.0,, Dr Ammad ,500.0,Haris,,Night
122,"Wednesday, February 08, 2017",132,10:13AM,13.0,M,Dr Alaf Khan,Dentist,Consultation,500.0,500.0,, Dr Ammad ,500.0,Haris,2/17/2017,Morning
123,"Wednesday, February 08, 2017",132,12:00PM,13.0,M,Dr Alaf Khan,Dentist,R.C.T,3500.0,3500.0,, Dr Ammad ,3500.0,Haris,,Afternoon
124,"Wednesday, February 08, 2017",13,12:00PM,39.0,F,Dr Saad,Orthopedic,Consultation,1000.0,1000.0,, Dr Ammad ,300.0,Haris,,Afternoon
125,"Wednesday, February 08, 2017",109,2:40PM,28.0,F,Dr Alaf Khan,Dentist,R.C.T,2000.0,2000.0,, Dr Ammad ,2000.0,Haris,,Evening
126,"Wednesday, February 08, 2017",109,2:40PM,28.0,F,Dr Alaf Khan,Dentist,Crown,3000.0,,3000.0, Dr Ammad ,,Haris,2/16/2017,Evening
127,"Wednesday, February 08, 2017",153,2:40PM,17.0,F,Dr Alaf Khan,Dentist,Orthodontics,110000.0,20000.0,90000.0, Dr Ammad ,20000.0,Haris,2/16/2017,Evening
128,"Wednesday, February 08, 2017",43,10:00AM,27.0,M,Dr Alaf Khan,Dentist,Consultation+X Ray,800.0,800.0,, Dr Ammad ,800.0,Haris,2/9/2017,Morning
129,"Friday, February 10, 2017",5,9:30AM,57.0,M,Dr Alaf Khan,Dentist,X Ray,300.0,300.0,, Dr Ammad ,300.0,Haris,,Morning
130,"Friday, February 10, 2017",14,6:30PM,6.0,M,Nursing Staff,,X Ray,300.0,300.0,, Dr Ammad ,300.0,Haris,,Evening
131,"Friday, February 10, 2017",123,7:00PM,18.0,M,Dr Qurat ul Ain,Dentist,Filling,1500.0,1500.0,, Dr Ammad ,1500.0,Haris,,Night
132,"Saturday, February 11, 2017",137,12:00PM,25.0,M,Dr Ali,Child Specialist,Consultation,1000.0,1000.0,, Mrs Shamsa ,300.0,Mona,,Afternoon
133,"Saturday, February 11, 2017",91,4:20PM,50.0,F,Dr Qurat ul Ain,Dentist,Scalling,2500.0,2500.0,, Mrs Shamsa ,2500.0,Mona,,Evening
134,"Saturday, February 11, 2017",23,5:57PM,,F,Dr Qurat ul Ain,Dentist,Consultation,1000.0,1000.0,, Mrs Shamsa ,1000.0,Mona,,Evening
135,"Saturday, February 11, 2017",154,6:15PM,19.0,F,Dr Qurat ul Ain,Dentist,Scalling,2000.0,2000.0,, Mrs Shamsa ,2000.0,Mona,,Evening
136,"Sunday, February 12, 2017",112,7:15PM,39.0,M,Dr Saad,Orthopedic,Operation,35000.0,35000.0,, Mrs Shamsa ,35000.0,Haris,,Night
137,"Sunday, February 12, 2017",81,12:00PM,6.0,F,Dr Alaf Khan,Dentist,Consultation+X Ray,700.0,700.0,, Mrs Shamsa ,700.0,Mona,,Afternoon
138,"Monday, February 13, 2017",15,11:20AM,40.0,M,Dr Waqar Azeem,Radiologist,USG Abdomen,1000.0,1000.0,, Dr Ammad ,300.0,Haris,,Morning
139,"Monday, February 13, 2017",112,3:40PM,39.0,M,Dr Saad,Orthopedic,Operation,15000.0,15000.0,, Dr Ammad ,15000.0,Haris,,Evening
140,"Monday, February 13, 2017",9,7:00PM,20.0,F,Dr Qurat ul Ain,Dentist,Consultation,500.0,500.0,, Dr Ammad ,500.0,Haris,,Night
141,"Monday, February 13, 2017",2,,,-,Dr Ali,Child Specialist,Consultation,1500.0,1500.0,, Dr Ammad ,500.0,Haris,,
142,"Tuesday, February 14, 2017",113,2:30PM,14.0,M,Dr Saad Riaz,Orthopedic,Pop,3700.0,3700.0,, Dr Ammad ,1700.0,Haris,,Evening
143,"Tuesday, February 14, 2017",4,3:00PM,,M,Nursing Staff,,Er Retain,300.0,300.0,, Dr Ammad ,300.0,Haris,,Evening
144,"Tuesday, February 14, 2017",19,7:02PM,,F,Dr Waqar Azeem,Radiologist,USG,2000.0,2000.0,, Dr Ammad ,1300.0,Haris,,Night
145,"Wednesday, February 15, 2017",118,11:40AM,24.0,F,Dr Alaf Khan,Dentist,X Ray,400.0,400.0,, Mrs Shamsa ,400.0,Mona,,Morning
146,"Wednesday, February 15, 2017",94,4:45PM,3.0,M,Dr Ali,Child Specialist,Consultation + Nebulize,1150.0,1150.0,," 150 Mrs Shamsa, 300 Dr Ammad ",450.0,Haris,,Evening
147,"Wednesday, February 15, 2017",64,6:15PM,23.0,M,Dr Ammad,M/o,Consultation,200.0,200.0,, Dr Ammad ,200.0,Haris,,Evening
148,"Friday, February 17, 2017",29,4:10PM,29.0,M,Dr Alaf Khan,Dentist,X Ray,200.0,200.0,, Dr Ammad ,200.0,Haris,,Evening
149,"Friday, February 17, 2017",66,5:30PM,55.0,M,Dr Alaf Khan,Dentist,Extraction,1000.0,1000.0,, Dr Ammad ,1000.0,Haris,,Evening
150,"Friday, February 17, 2017",107,6:30PM,30.0,F,Nursing Staff,,X Ray,1000.0,1000.0,, Dr Ammad ,1000.0,Haris,,Evening
151,"Saturday, February 18, 2017",108,6:20PM,,M,Dr Ali,Child Specialist,Consultation,3000.0,3000.0,, Dr Ammad ,1600.0,Saima,,Evening
152,"Saturday, February 18, 2017",30,6:10PM,30.0,F,Dr Qurat ul Ain,Dentist,Extraction,1500.0,1500.0,, Dr Ammad ,1500.0,Mona,,Evening
153,"Saturday, February 18, 2017",94,11:30AM,3.0,M,Nursing Staff,,Injection,300.0,300.0,, Dr Ammad ,300.0,Saima,,Morning
154,"Sunday, February 19, 2017",55,2:45PM,,M,Dr Qurat ul Ain,Dentist,X Ray,300.0,300.0,, Dr Ammad ,300.0,Saima,,Evening
155,"Monday, February 20, 2017",132,,13.0,M,Dr Alaf Khan,Dentist,Crown,5000.0,5000.0,, Dr Ammad ,5000.0,,2/24/2017,
156,"Monday, February 20, 2017",68,1:25PM,10.0,M,Dr Shireen,M/o,Stiches,700.0,700.0,, Dr Ammad ,700.0,Saima,,Afternoon
157,"Monday, February 20, 2017",80,2:00PM,30.0,F,Dr Shireen,M/o,Consultation,1200.0,1200.0,, Dr Ammad ,1200.0,Saima,,Evening
158,"Monday, February 20, 2017",99,7:00PM,45.0,F,Dr Saima Shams,Radiologist,USG,1500.0,1500.0,, Dr Ammad ,900.0,Mona,,Night
159,"Monday, February 20, 2017",94,10:15PM,3.0,M,Nursing Staff,,Injection,300.0,300.0,, Dr Ammad ,300.0,Ashfaq,,Night
160,"Tuesday, February 21, 2017",151,1:00PM,38.0,M,Dr Alaf Khan,Dentist,R.C.T+Scalling+Crown,5000.0,5000.0,, Dr Ammad ,5000.0,Saima,2/28/2017,Afternoon
161,"Tuesday, February 21, 2017",53,6:00PM,20.0,F,Dr Waqar Azeem,Radiologist,USG,1000.0,1000.0,, Dr Ammad ,400.0,Mona,,Evening
162,"Tuesday, February 21, 2017",11,7:11PM,2.0,F,Dr Ali,Child Specialist,Consultation,1000.0,1000.0,, Dr Ammad ,300.0,Saima,,Night
163,"Tuesday, February 21, 2017",94,10:10PM,3.0,M,Nursing Staff,,Injection,300.0,300.0,, Dr Ammad ,300.0,Sub KB,,Night
164,"Tuesday, February 21, 2017",64,-,,,Nursing Staff,,Medicine,100.0,100.0,,,100.0,Saima,,
165,"Wednesday, February 22, 2017",100,3:00PM,23.0,F,Dr Alaf Khan,Dentist,Orthodontics,120000.0,30000.0,90000.0, Dr Ammad ,30000.0,Mona,,Evening
166,"Wednesday, February 22, 2017",16,4:30PM,26.0,M,Dr Mumtaz,General Surgeon,Consultation,1000.0,1000.0,, Dr Ammad ,500.0,Mona,,Evening
167,"Wednesday, February 22, 2017",6,5:00PM,35.0,M,Dr Waqar Azeem,Radiologist,USG,1000.0,1000.0,, Dr Ammad ,400.0,Mona,,Evening
168,"Thursday, February 23, 2017",33,1:55PM,22.0,M,Dr Alaf Khan,Dentist,R.C.T,3000.0,3000.0,, Dr Ammad ,3000.0,Saima,,Afternoon
169,"Thursday, February 23, 2017",89,1:50PM,65.0,F,Dr Saad Riaz,Orthopedic,Consultation,1000.0,1000.0,, Dr Ammad ,500.0,Saima,,Afternoon
170,"Thursday, February 23, 2017",13,2:00PM,45.0,F,Dr Saad Riaz,Orthopedic,Consultation,1000.0,1000.0,, Dr Ammad ,300.0,Saima,,Evening
171,"Thursday, February 23, 2017",47,3:00PM,21.0,F,Dr Riffat Naheed,Psychotherapist,Consultation,1500.0,1500.0,, Dr Ammad ,700.0,Saima,,Evening
172,"Friday, February 24, 2017",80,9:30PM,30.0,F,Dr Mehwish,Gynae,Consultation,1000.0,1000.0,, Dr Ammad ,500.0,Saima,,Night
173,"Saturday, February 25, 2017",128,3:45PM,64.0,F,Dr Qurat ul Ain,Dentist,Consultation,500.0,500.0,, Dr Ammad ,500.0,Saima,,Evening
174,"Saturday, February 25, 2017",93,4:00PM,40.0,F,Dr Ali,Child Specialist,,3000.0,3000.0,, Dr Ammad ,1600.0,Saima,,Evening
175,"Monday, February 27, 2017",143,11:30AM,52.0,F,Dr Alaf Khan,Dentist,Consultation,500.0,500.0,, Dr Ammad ,500.0,Saima,,Morning
176,"Monday, February 27, 2017",56,12:20PM,55.0,F,Dr Alaf Khan,Dentist,Extraction,600.0,600.0,, Dr Ammad ,600.0,Saima,,Afternoon
177,"Monday, February 27, 2017",96,-,54.0,M,Dr Qurat ul Ain,Dentist,Consultation,500.0,500.0,, Dr Ammad ,500.0,Saima,,
178,"Tuesday, February 28, 2017",65,10:30PM,30.0,M,Nursing Staff,,BSR,50.0,50.0,, Dr Ammad ,50.0,Haris,,Night
179,"Tuesday, February 28, 2017",96,12:40PM,53.0,M,Dr Alaf Khan,Dentist,8 Unit Bridge+2 R.C.T,30000.0,8000.0,22000.0, Dr Ammad ,8000.0,Haris,,Afternoon
180,"Tuesday, February 28, 2017",90,,,F,Dr Alaf Khan,Dental,Consultation,1000.0,1000.0,, Dr Ammad ,1000.0,Saima,,
181,"Tuesday, February 28, 2017",151,3:00PM,38.0,F,Dr Alaf Khan,Dentist,R.C.T+Scalling+Crown,4500.0,4500.0,, Dr Ammad ,4500.0,Haris,,Evening
182,"Tuesday, February 28, 2017",139,8:00PM,30.0,M,Nursing Staff,,X Ray,500.0,500.0,, Dr Ammad ,500.0,Saima,,Night
183,"Wednesday, March 01, 2017",107,5:00PM,17.0,F,Dr Qurat ul Ain,Dentist,Extraction,1500.0,1500.0,, Dr Ammad ,1500.0,Saima,,Evening
184,"Wednesday, March 01, 2017",28,6:00PM,3.0,F,Dr Qurat ul Ain,Dentist,Consultation,500.0,500.0,, Dr Ammad ,500.0,Saima,,Evening
185,"Wednesday, March 01, 2017",46,-,17.0,M,Nursing Staff,,Dressing,500.0,500.0,, Dr Ammad ,200.0,Saima,,
186,"Wednesday, March 01, 2017",25,7:00PM,,F,Dr Kinza Alam,Gynae,Consultation,1500.0,1500.0,, Dr Ammad ,500.0,Saima,,Night
187,"Wednesday, March 01, 2017",24,7:10PM,,M,Dr Ammad,M/o,Consultation,500.0,500.0,, Dr Ammad ,500.0,Saima,,Night
188,"Thursday, March 02, 2017",140,12:48PM,30.0,F,Dr Alaf Khan,Dentist,4 Unit Bridge,8000.0,8000.0,, Dr Ammad ,8000.0,Saima,,Afternoon
189,"Thursday, March 02, 2017",46,3:00PM,17.0,M,Nursing Staff,,Injection,50.0,50.0,, Dr Ammad ,50.0,Saima,,Evening
190,"Thursday, March 02, 2017",114,7:05PM,26.0,F,Dr Kinza Alam,Gynae,Consultation,1000.0,1000.0,, Dr Ammad ,300.0,Saima,,Night
191,"Thursday, March 02, 2017",3,-,,-,Nursing Staff,,Dressing,100.0,100.0,, Dr Ammad ,100.0,Saima,,
192,"Friday, March 03, 2017",138,11:20AM,45.0,F,Dr Alaf Khan,Dentist,Consultation,500.0,500.0,, Dr Ammad ,500.0,Saima,,Morning
193,"Friday, March 03, 2017",107,12:30PM,17.0,F,Dr Alaf Khan,Dentist,R.C.T+Crown,8000.0,8000.0,, Dr Ammad ,8000.0,Saima,3/9/2017,Afternoon
194,"Friday, March 03, 2017",34,1:30PM,22.0,M,Dr Alaf Khan,Dentist,Crown,2000.0,2000.0,, Dr Ammad ,2000.0,Saima,3/8/2017,Afternoon
195,"Friday, March 03, 2017",133,4:10PM,30.0,F,Dr Ali,Child Specialist,Consultation,1000.0,1000.0,, Dr Ammad ,300.0,Saima,,Evening
196,"Friday, March 03, 2017",46,5:45PM,17.0,M,Nursing Staff,,Dressing,300.0,300.0,, Dr Ammad ,300.0,Saima,,Evening
197,"Friday, March 03, 2017",74,2:40PM,38.0,M,Dr Waqar Azeem,Radiologist,USG KUB,1000.0,1000.0,, Dr Ammad ,300.0,Sub KB,,Evening
198,"Sunday, March 05, 2017",46,-,17.0,M,Nursing Staff,,Dressing,300.0,300.0,, Dr Ammad ,200.0,Saima,,
199,"Monday, March 06, 2017",83,1:20PM,34.0,M,Dr Alaf Khan,Dentist,Consultation,500.0,500.0,, Dr Ammad ,500.0,Saima,,Afternoon
200,"Monday, March 06, 2017",61,5:30PM,28.0,F,Dr Qurat ul Ain,Dentist,Consultation+X Ray,950.0,950.0,, Dr Ammad ,950.0,Haris,,Evening
201,"Monday, March 06, 2017",122,7:00PM,78.0,M,Nursing Staff,,Injection,100.0,100.0,, Dr Ammad ,100.0,Saima,,Night
202,"Tuesday, March 07, 2017",95,-,56.0,M,Dr Alaf Khan,Dentist,X Ray,300.0,300.0,, Dr Ammad ,300.0,Saima,,
203,"Tuesday, March 07, 2017",69,3:00PM,53.0,M,Dr Alaf Khan,Dentist,,15000.0,15000.0,, Dr Ammad ,15000.0,Mona,,Evening
204,"Tuesday, March 07, 2017",146,-,21.0,M,Dr Ammad,M/o,Consultation,500.0,500.0,, Dr Ammad ,500.0,Saima,,
205,"Tuesday, March 07, 2017",46,7:40PM,17.0,M,Nursing Staff,,Dressing,200.0,200.0,, Dr Ammad ,200.0,Saima,,Night
206,"Tuesday, March 07, 2017",32,2:00PM,,F,Nursing Staff,,Coupety,300.0,300.0,, Dr Ammad ,300.0,Saima,,Evening
207,"Tuesday, March 07, 2017",122,9:35PM,78.0,M,Nursing Staff,,Injection,100.0,100.0,, Dr Ammad ,100.0,Sub KB,,Night
208,"Wednesday, March 08, 2017",148,8:30PM,3.0,F,Nursing Staff,,Injection,100.0,100.0,, Dr Ammad ,100.0,Ashfaq,,Night
209,"Wednesday, March 08, 2017",122,10:00PM,76.0,M,Nursing Staff,,Injection,100.0,100.0,, Dr Ammad ,100.0,Ashfaq,,Night
210,"Wednesday, March 08, 2017",10,4:45PM,9.0,F,Dr Qurat ul Ain,Dentist,Consultation+x Ray,650.0,650.0,, Dr Ammad ,650.0,Saima,,Evening
211,"Wednesday, March 08, 2017",76,6:55PM,32.0,M,Dr Paul,Dermatologist,Consultation,1500.0,1000.0,500.0, Dr Ammad ,300.0,Mona,,Evening
212,"Wednesday, March 08, 2017",1,12:00PM,,F,Nursing Staff,,Injection,150.0,150.0,, Dr Ammad ,150.0,Mona,,Afternoon
213,"Wednesday, March 08, 2017",25,7:30PM,,F,Dr Kinza Alam,Gynae,Consultation,1500.0,1500.0,, Dr Ammad ,500.0,Mona,,Night
214,"Thursday, March 09, 2017",77,12:00PM,24.0,M,Dr Alaf Khan,Dentist,R.C.T,5000.0,2000.0,3000.0, Dr Ammad ,2000.0,Haris,3/16/2017,Afternoon
215,"Thursday, March 09, 2017",121,9:00AM,3.0,F,Nursing Staff,,Injection,100.0,100.0,, Dr Ammad ,100.0,Mona,,Morning
216,"Thursday, March 09, 2017",122,,76.0,M,Nursing Staff,,Injection,100.0,100.0,, Dr Ammad ,100.0,Mona,,
217,"Thursday, March 09, 2017",1,,,,Nursing Staff,,Cancelled,,,, Dr Ammad ,,Saima,,
218,"Thursday, March 09, 2017",18,3:30PM,39.0,M,Dr Alaf Khan,Dentist,Scalling+Polishing,4000.0,4000.0,, Dr Ammad ,4000.0,Saima,,Evening
219,"Thursday, March 09, 2017",110,6:00PM,30.0,M,Dr Qurat ul Ain,Dentist,Consultation,200.0,200.0,, Dr Ammad ,200.0,Saima,,Evening
220,"Friday, March 10, 2017",122,10:20AM,76.0,M,Nursing Staff,,Injection,100.0,100.0,, Dr Ammad ,100.0,Zaheer,,Morning
221,"Friday, March 10, 2017",105,11:20PM,45.0,F,Dr Shireen,M/o,Consultation,800.0,800.0,, Dr Ammad ,800.0,Mona,,Night
